{"name":"01661e9b-7a04-4f7e-931b-48ce05284989","id":"/providers/Microsoft.Flow/flows/01661e9b-7a04-4f7e-931b-48ce05284989","type":"Microsoft.Flow/flows","properties":{"apiId":"/providers/Microsoft.PowerApps/apis/shared_logicflows","displayName":"Email to Sharepointe Filter Base Template","definition":{"metadata":{"workflowEntityId":null,"processAdvisorMetadata":null,"flowclientsuspensionreason":"None","flowclientsuspensiontime":null,"creator":{"id":"800121b0-6b48-4c57-8659-62e3da10f0c5","type":"User","tenantId":"75f4a687-94ed-4084-a57f-4932a0e6c07f"},"provisioningMethod":"FromDefinition","failureAlertSubscription":true,"clientLastModifiedTime":"2021-10-13T15:46:50.0012552Z"},"$schema":"https://schema.management.azure.com/providers/Microsoft.Logic/schemas/2016-06-01/workflowdefinition.json#","contentVersion":"1.0.0.0","parameters":{"$connections":{"defaultValue":{},"type":"Object"},"$authentication":{"defaultValue":{},"type":"SecureObject"}},"triggers":{"When_a_new_email_arrives_in_a_shared_mailbox_(V2)":{"recurrence":{"frequency":"Minute","interval":5},"splitOn":"@triggerOutputs()?['body/value']","metadata":{"Id::AAMkADc4YjUyOWQ0LTE2ZmYtNDAyNy1hYTk3LTA1M2Y1ZDlmMDg4MgAuAAAAAADAEnsShtXURrtqfygDGh6XAQB2ELYaCdEqQ47pzWpYs0OIAAAwu8rBAAA=":"B&H","Id::AAMkADc4YjUyOWQ0LTE2ZmYtNDAyNy1hYTk3LTA1M2Y1ZDlmMDg4MgAuAAAAAADAEnsShtXURrtqfygDGh6XAQB2ELYaCdEqQ47pzWpYs0OIAAAAAAEMAAA=":"Inbox"},"type":"OpenApiConnection","inputs":{"host":{"apiId":"/providers/Microsoft.PowerApps/apis/shared_office365","connectionName":"shared_office365","operationId":"SharedMailboxOnNewEmailV2"},"parameters":{"mailboxAddress":"usitpurchasing@Kapplergroup.com;","folderId":"Id::AAMkADc4YjUyOWQ0LTE2ZmYtNDAyNy1hYTk3LTA1M2Y1ZDlmMDg4MgAuAAAAAADAEnsShtXURrtqfygDGh6XAQB2ELYaCdEqQ47pzWpYs0OIAAAAAAEMAAA=","importance":"Any","hasAttachments":false,"includeAttachments":true},"authentication":"@parameters('$authentication')"}}},"actions":{"Condition_2":{"actions":{"Condition_3":{"actions":{"Apply_to_each_2":{"foreach":"@triggerOutputs()?['body/attachments']","actions":{"Create_file_4":{"runAfter":{},"type":"OpenApiConnection","inputs":{"host":{"apiId":"/providers/Microsoft.PowerApps/apis/shared_sharepointonline","connectionName":"shared_sharepointonline","operationId":"CreateFile"},"parameters":{"dataset":"https://kappler1.sharepoint.com/sites/KapplerIT","folderPath":"/Freigegebene Dokumente/General/Invoices/B&H","name":"@{items('Apply_to_each_2')?['name']}@{triggerOutputs()?['body/receivedDateTime']}","body":"@items('Apply_to_each_2')?['contentBytes']"},"authentication":"@parameters('$authentication')"},"runtimeConfiguration":{"contentTransfer":{"transferMode":"Chunked"}}}},"runAfter":{},"type":"Foreach"},"Export_email_(V2)_2":{"runAfter":{"Apply_to_each_2":["Succeeded"]},"type":"OpenApiConnection","inputs":{"host":{"apiId":"/providers/Microsoft.PowerApps/apis/shared_office365","connectionName":"shared_office365","operationId":"ExportEmail_V2"},"parameters":{"messageId":"@triggerOutputs()?['body/id']","mailboxAddress":"usitpurchasing@Kapplergroup.com;"},"authentication":"@parameters('$authentication')"}},"Move_email_(V2)":{"runAfter":{"Export_email_(V2)_2":["Succeeded"]},"metadata":{"Id::AAMkADc4YjUyOWQ0LTE2ZmYtNDAyNy1hYTk3LTA1M2Y1ZDlmMDg4MgAuAAAAAADAEnsShtXURrtqfygDGh6XAQB2ELYaCdEqQ47pzWpYs0OIAAAwu8rBAAA=":"B&H"},"type":"OpenApiConnection","inputs":{"host":{"apiId":"/providers/Microsoft.PowerApps/apis/shared_office365","connectionName":"shared_office365","operationId":"MoveV2"},"parameters":{"messageId":"@triggerOutputs()?['body/id']","folderPath":"Id::AAMkADc4YjUyOWQ0LTE2ZmYtNDAyNy1hYTk3LTA1M2Y1ZDlmMDg4MgAuAAAAAADAEnsShtXURrtqfygDGh6XAQB2ELYaCdEqQ47pzWpYs0OIAAAwu8rBAAA=","mailboxAddress":"usitpurchasing@Kapplergroup.com;"},"authentication":"@parameters('$authentication')"}},"Create_file_3":{"runAfter":{"Move_email_(V2)":["Succeeded"]},"type":"OpenApiConnection","inputs":{"host":{"apiId":"/providers/Microsoft.PowerApps/apis/shared_sharepointonline","connectionName":"shared_sharepointonline","operationId":"CreateFile"},"parameters":{"dataset":"https://kappler1.sharepoint.com/sites/KapplerIT","folderPath":"/Freigegebene Dokumente/General/Invoices","name":"@{triggerOutputs()?['body/subject']} @{triggerOutputs()?['body/receivedDateTime']}.eml","body":"@outputs('Export_email_(V2)_2')?['body']"},"authentication":"@parameters('$authentication')"},"runtimeConfiguration":{"contentTransfer":{"transferMode":"Chunked"}}}},"runAfter":{},"expression":{"or":[{"contains":["@triggerOutputs()?['body/subject']","Order is Confirmed"]},{"contains":["@triggerOutputs()?['body/subject']","Order #"]},{"contains":["@triggerOutputs()?['body/subject']","Your B&H Order"]}]},"type":"If"}},"runAfter":{},"expression":{"or":[{"contains":["@triggerOutputs()?['body/from']","email 1"]},{"contains":["@triggerOutputs()?['body/from']","fullemail2"]},{"contains":["@triggerOutputs()?['body/from']","domain.com"]}]},"type":"If"}}},"connectionReferences":{"shared_sharepointonline":{"connectionName":"shared-sharepointonl-18b293de-7682-4937-9ad0-a1c4-81a0e8b3","source":"Embedded","id":"/providers/Microsoft.PowerApps/apis/shared_sharepointonline","tier":"NotSpecified"},"shared_office365":{"connectionName":"shared-office365-8d42a458-cd28-474b-ad28-e224-9c77dea1","source":"Embedded","id":"/providers/Microsoft.PowerApps/apis/shared_office365","tier":"NotSpecified"}},"flowFailureAlertSubscribed":false}}