{"name":"29831090-c8ed-4591-b97b-4ca4dbfa19c8","id":"/providers/Microsoft.Flow/flows/29831090-c8ed-4591-b97b-4ca4dbfa19c8","type":"Microsoft.Flow/flows","properties":{"apiId":"/providers/Microsoft.PowerApps/apis/shared_logicflows","displayName":"FullEmail to sharepointe with attachments and subject sanitation","definition":{"metadata":{"workflowEntityId":null,"processAdvisorMetadata":null,"flowclientsuspensionreason":"None","flowclientsuspensiontime":null,"creator":{"id":"800121b0-6b48-4c57-8659-62e3da10f0c5","type":"User","tenantId":"75f4a687-94ed-4084-a57f-4932a0e6c07f"},"provisioningMethod":"FromDefinition","failureAlertSubscription":true,"clientLastModifiedTime":"2021-10-13T20:36:02.3901501Z"},"$schema":"https://schema.management.azure.com/providers/Microsoft.Logic/schemas/2016-06-01/workflowdefinition.json#","contentVersion":"1.0.0.0","parameters":{"$connections":{"defaultValue":{},"type":"Object"},"$authentication":{"defaultValue":{},"type":"SecureObject"}},"triggers":{"When_a_new_email_arrives_in_a_shared_mailbox_(V2)":{"recurrence":{"frequency":"Minute","interval":5},"splitOn":"@triggerOutputs()?['body/value']","metadata":{"Id::AAMkADc4YjUyOWQ0LTE2ZmYtNDAyNy1hYTk3LTA1M2Y1ZDlmMDg4MgAuAAAAAADAEnsShtXURrtqfygDGh6XAQB2ELYaCdEqQ47pzWpYs0OIAAAwu8rBAAA=":"B&H","Id::AAMkADc4YjUyOWQ0LTE2ZmYtNDAyNy1hYTk3LTA1M2Y1ZDlmMDg4MgAuAAAAAADAEnsShtXURrtqfygDGh6XAQB2ELYaCdEqQ47pzWpYs0OIAAAAAAEMAAA=":"Inbox"},"type":"OpenApiConnection","inputs":{"host":{"apiId":"/providers/Microsoft.PowerApps/apis/shared_office365","connectionName":"shared_office365","operationId":"SharedMailboxOnNewEmailV2"},"parameters":{"mailboxAddress":"usitpurchasing@Kapplergroup.com;","folderId":"Id::AAMkADc4YjUyOWQ0LTE2ZmYtNDAyNy1hYTk3LTA1M2Y1ZDlmMDg4MgAuAAAAAADAEnsShtXURrtqfygDGh6XAQB2ELYaCdEqQ47pzWpYs0OIAAAAAAEMAAA=","importance":"Any","hasAttachments":false,"includeAttachments":true},"authentication":"@parameters('$authentication')"}}},"actions":{"Condition_3":{"actions":{"Apply_to_each_2":{"foreach":"@triggerOutputs()?['body/attachments']","actions":{"Create_file_4":{"runAfter":{},"type":"OpenApiConnection","inputs":{"host":{"apiId":"/providers/Microsoft.PowerApps/apis/shared_sharepointonline","connectionName":"shared_sharepointonline","operationId":"CreateFile"},"parameters":{"dataset":"https://kappler1.sharepoint.com/sites/KapplerIT","folderPath":"/Freigegebene Dokumente/General/Invoices/B&H","name":"@{triggerOutputs()?['body/receivedDateTime']}@{items('Apply_to_each_2')?['name']}","body":"@items('Apply_to_each_2')?['contentBytes']"},"authentication":"@parameters('$authentication')"},"runtimeConfiguration":{"contentTransfer":{"transferMode":"Chunked"}}}},"runAfter":{},"type":"Foreach"},"Export_email_(V2)_2":{"runAfter":{"Apply_to_each_2":["Succeeded"]},"type":"OpenApiConnection","inputs":{"host":{"apiId":"/providers/Microsoft.PowerApps/apis/shared_office365","connectionName":"shared_office365","operationId":"ExportEmail_V2"},"parameters":{"messageId":"@triggerOutputs()?['body/id']","mailboxAddress":"usitpurchasing@Kapplergroup.com;"},"authentication":"@parameters('$authentication')"}},"Move_email_(V2)":{"runAfter":{"Export_email_(V2)_2":["Succeeded"]},"metadata":{"Id::AAMkADc4YjUyOWQ0LTE2ZmYtNDAyNy1hYTk3LTA1M2Y1ZDlmMDg4MgAuAAAAAADAEnsShtXURrtqfygDGh6XAQB2ELYaCdEqQ47pzWpYs0OIAAAwu8rBAAA=":"B&H"},"type":"OpenApiConnection","inputs":{"host":{"apiId":"/providers/Microsoft.PowerApps/apis/shared_office365","connectionName":"shared_office365","operationId":"MoveV2"},"parameters":{"messageId":"@triggerOutputs()?['body/id']","folderPath":"Id::AAMkADc4YjUyOWQ0LTE2ZmYtNDAyNy1hYTk3LTA1M2Y1ZDlmMDg4MgAuAAAAAADAEnsShtXURrtqfygDGh6XAQB2ELYaCdEqQ47pzWpYs0OIAAAwu8rBAAA=","mailboxAddress":"usitpurchasing@Kapplergroup.com;"},"authentication":"@parameters('$authentication')"}},"Create_file_3":{"runAfter":{"Move_email_(V2)":["Succeeded"]},"type":"OpenApiConnection","inputs":{"host":{"apiId":"/providers/Microsoft.PowerApps/apis/shared_sharepointonline","connectionName":"shared_sharepointonline","operationId":"CreateFile"},"parameters":{"dataset":"https://kappler1.sharepoint.com/sites/KapplerIT","folderPath":"/Freigegebene Dokumente/General/Invoices/B&H","name":"@{variables('Subject')}@{triggerOutputs()?['body/receivedDateTime']}.eml","body":"@outputs('Export_email_(V2)_2')?['body']"},"authentication":"@parameters('$authentication')"},"runtimeConfiguration":{"contentTransfer":{"transferMode":"Chunked"}}}},"runAfter":{"Apply_to_each":["Succeeded"]},"expression":{"or":[{"contains":["@triggerOutputs()?['body/subject']","Your B&H Order #"]},{"contains":["@triggerOutputs()?['body/subject']","Your B&H Order"]}]},"type":"If"},"Initialize_variable":{"runAfter":{},"type":"InitializeVariable","inputs":{"variables":[{"name":"Characters","type":"array","value":"@createArray('.','!','ß','²','³','µ','´','°','^','=','(',')','&','$','§', '~','#','%','*',':','<','>','?','/','|',' ')"}]}},"Initialize_variable_2":{"runAfter":{"Initialize_variable":["Succeeded"]},"type":"InitializeVariable","inputs":{"variables":[{"name":"Subject","type":"string","value":"@triggerOutputs()?['body/subject']"}]}},"Apply_to_each":{"foreach":"@variables('Characters')","actions":{"Condition":{"actions":{"Compose":{"runAfter":{},"type":"Compose","inputs":"@variables('Subject')"},"Set_variable":{"runAfter":{"Compose":["Succeeded"]},"type":"SetVariable","inputs":{"name":"Subject","value":"@{replace(outputs('Compose'),items('Apply_to_each'),'_')}"}}},"runAfter":{},"expression":{"contains":["@variables('Subject')","@items('Apply_to_each')"]},"type":"If"}},"runAfter":{"Initialize_variable_2":["Succeeded"]},"type":"Foreach"}}},"connectionReferences":{"shared_sharepointonline":{"connectionName":"shared-sharepointonl-18b293de-7682-4937-9ad0-a1c4-81a0e8b3","source":"Embedded","id":"/providers/Microsoft.PowerApps/apis/shared_sharepointonline","tier":"NotSpecified"},"shared_office365":{"connectionName":"shared-office365-8d42a458-cd28-474b-ad28-e224-9c77dea1","source":"Embedded","id":"/providers/Microsoft.PowerApps/apis/shared_office365","tier":"NotSpecified"}},"flowFailureAlertSubscribed":false}}